[
    {
        "manufacturer": "LENOVO",
        "brand": "LENOVO",
        "model": "Lenovo A750E"
    },
    {
        "manufacturer": "LENOVO",
        "brand": "LENOVO",
        "model": "Lenovo A850"
    },
    {
        "manufacturer": "MOTOROLA",
        "brand": "MOTOROLA",
        "model": "MB502"
    },
    {
        "manufacturer": "NOKIA",
        "brand": "NOKIA",
        "model": "RM-1030"
    },
    {
        "manufacturer": "TCL",
        "brand": "TCL",
        "model": "P728M"
    },
    {
        "manufacturer": "unknown",
        "brand": "HP",
        "model": "Slate 6"
    },
    {
        "manufacturer": "unknown",
        "brand": "HP",
        "model": "Slate 7"
    },
    {
        "manufacturer": "unknown",
        "brand": "HP",
        "model": "tablet"
    },
    {
        "manufacturer": "unknown",
        "brand": "K-Touch",
        "model": "K-Touch W619"
    },
    {
        "manufacturer": "XIAOMI",
        "brand": "XIAOMI",
        "model": "MI1 C1"
    }
]