[
    {
        "manufacturer": "GiONEE",
        "brand": "GIONEE",
        "model": "GN715"
    },
    {
        "manufacturer": "htc",
        "brand": "HTC",
        "model": "HTC 802t"
    },
    {
        "manufacturer": "htc",
        "brand": "HTC",
        "model": "HTC D816t"
    },
    {
        "manufacturer": "htc",
        "brand": "HTC",
        "model": "HTC S720e"
    },
    {
        "manufacturer": "htc",
        "brand": "HTC",
        "model": "HTC T528t"
    },
    {
        "manufacturer": "Huawei",
        "brand": "HUAWEI",
        "model": "HUAWEI A199"
    },
    {
        "manufacturer": "Huawei",
        "brand": "HUAWEI",
        "model": "HUAWEI C8812"
    },
    {
        "manufacturer": "Huawei",
        "brand": "HUAWEI",
        "model": "HUAWEI G750-T00"
    },
    {
        "manufacturer": "Huawei",
        "brand": "HUAWEI",
        "model": "HUAWEI G750-T01"
    },
    {
        "manufacturer": "Huawei",
        "brand": "HUAWEI",
        "model": "HUAWEI MT1-T00"
    },
    {
        "manufacturer": "Huawei",
        "brand": "HUAWEI",
        "model": "HUAWEI MT1-U06"
    },
    {
        "manufacturer": "Huawei",
        "brand": "HUAWEI",
        "model": "HUAWEI MT2-C00"
    },
    {
        "manufacturer": "Huawei",
        "brand": "HUAWEI",
        "model": "HUAWEI MT2-L01"
    },
    {
        "manufacturer": "Huawei",
        "brand": "HUAWEI",
        "model": "HUAWEI P6-C00"
    },
    {
        "manufacturer": "HUAWEI",
        "brand": "HUAWEI",
        "model": "HUAWEI P6-T00"
    },
    {
        "manufacturer": "Huawei",
        "brand": "HUAWEI",
        "model": "MediaPad X1 7.0"
    },
    {
        "manufacturer": "lenovo",
        "brand": "LENOVO",
        "model": "Lenovo A788t"
    },
    {
        "manufacturer": "LGE",
        "brand": "GOOGLE",
        "model": "Nexus 4"
    },
    {
        "manufacturer": "Meizu",
        "brand": "MEIZU",
        "model": "M351"
    },
    {
        "manufacturer": "nubia",
        "brand": "NUBIA",
        "model": "NX503A"
    },
    {
        "manufacturer": "nubia",
        "brand": "NUBIA",
        "model": "NX505J"
    },
    {
        "manufacturer": "nubia",
        "brand": "NUBIA",
        "model": "NX507J"
    },
    {
        "manufacturer": "nubia",
        "brand": "NUBIA",
        "model": "Z5S"
    },
    {
        "manufacturer": "OPPO",
        "brand": "OPPO",
        "model": "find7 X9000"
    },
    {
        "manufacturer": "OPPO",
        "brand": "OPPO",
        "model": "X9007"
    },
    {
        "manufacturer": "samsung",
        "brand": "SAMSUNG",
        "model": "Galaxy Nexus"
    },
    {
        "manufacturer": "samsung",
        "brand": "SAMSUNG",
        "model": "GT-I9152"
    },
    {
        "manufacturer": "samsung",
        "brand": "SAMSUNG",
        "model": "GT-I9200"
    },
    {
        "manufacturer": "samsung",
        "brand": "SAMSUNG",
        "model": "GT-I9208"
    },
    {
        "manufacturer": "samsung",
        "brand": "SAMSUNG",
        "model": "GT-I9500"
    },
    {
        "manufacturer": "samsung",
        "brand": "SAMSUNG",
        "model": "GT-N7108D"
    },
    {
        "manufacturer": "samsung",
        "brand": "SAMSUNG",
        "model": "GT-S7568I"
    },
    {
        "manufacturer": "samsung",
        "brand": "SAMSUNG",
        "model": "SCH-P709"
    },
    {
        "manufacturer": "unknown",
        "brand": "UNKNOWN",
        "model": "A0001"
    },
    {
        "manufacturer": "unknown",
        "brand": "UNKNOWN",
        "model": "HS-X68T"
    },
    {
        "manufacturer": "unknown",
        "brand": "UNKNOWN",
        "model": "SM-G9006V"
    },
    {
        "manufacturer": "unknown",
        "brand": "UNKNOWN",
        "model": "SM-N900"
    },
    {
        "manufacturer": "unknown",
        "brand": "UNKNOWN",
        "model": "SM701"
    },
    {
        "manufacturer": "unknown",
        "brand": "UNKNOWN",
        "model": "X9180"
    },
    {
        "manufacturer": "YuLong",
        "brand": "COOLPAD",
        "model": "8950"
    },
    {
        "manufacturer": "YuLong",
        "brand": "COOLPAD",
        "model": "Coolpad 8297"
    },
    {
        "manufacturer": "YuLong",
        "brand": "COOLPAD",
        "model": "Coolpad8750"
    },
    {
        "manufacturer": "ZTE",
        "brand": "ZTE",
        "model": "ZTE Grand S II LTE"
    }
]